id,region-de,region-en,region-es,region-fr,region-ja,region-ko,region-pt,region-ru,region-th,region-tr,region-vi,region-zh,region-aa
1,Deutschland,Germany,Alemania,Allemagne,ドイツ,독일,Alemanha,Германия,เยอรมนี,Almanya,Đức,德国,
2,Israel,Israel,Israel,Israël,イスラエル,이스라엘,Israel,Израиль,อิสราเอล,İsrail,Israel,以色列,
3,Polen,Poland,Polonia,Pologne,ポーランド,폴란드,Polônia,Польша,โปแลนด์,Polonya,Ba Lan,波兰,
4,Island,Iceland,Islandia,Islande,アイスランド,아이슬란드,Islândia,Исландия,ไอซ์แลนด์,İzlanda,Iceland,冰岛,
5,Turkmenistan,Turkmenistan,Turkmenistán,Turkménistan,トルクメニスタン,투르크매니스탄,Turquemenistão,Туркменистан,เติร์กเมนิสถาน,Türkmenistan,Turkmenistan,土库曼斯坦,
6,Kroatien,Croatia,Croacia,Croatie,クロアチア,크로아티아,Croácia,Хорватия,โครเอเชีย,Hırvatístan,Croatia,克罗地亚,
7,Montenegro,Montenegro,Montenegro,Monténégro,モンテネグロ,몬테네그로,Montenegro,Черногория,มอนเตเนโกร,Karadağ,Montenegro,黑山,
8,Weißrussland,Belarus,Bielorrusia,Biélorussie,ベラルーシ,벨라루시,Bielorrússia,Беларусь,เบลารุส,Beyaz Rusya,Belarus,白俄罗斯,
9,Vietnam,Vietnam,Vietnam,Vietnam,ベトナム,베트남,Vietname,Вьетнам,เวียดนาม,Vietnam,Việt Nam,越南,
10,Internationale Klubturniere,International Clubs,Clubes Internacionales,International Clubs,インターナショナルクラブ,국제 클럽,Clubes Internacionais,Международный Клубы,สโมสรนานาชาติ,Uluslararası Kulüpler,Các Câu Lạc Bộ Quốc Tế,国际俱乐部,International Clubs
11,Republik Korea,Republic of Korea,Corea del Sur,République de Corée,大韓民国,대한민국,Coreia do Sul,Республика Корея,เกาหลีใต้,Kore Cumhuriyeti,Hàn Quốc,韩国,
12,Serbien,Serbia,Serbia,Serbie,セルビア,세르비아,Sérvia,Сербия,เซอร์เบีย,Sırbistan,Serbia,塞尔维亚,
13,Färöer,Faroe Islands,Islas Feroe,Iles Féroé,フェロー諸島,페로 제도,Ilhas Faroé,Фарерские острова,หมู่เกาะแฟโร,Faroe Adaları,Quẩn đảo Faroe,法罗群岛,
14,Tschechische Republik,Czech Republic,República Checa,République Tchèque,チェコ,체코,República Checa,Чехия,สาธารณรัฐเช็ก,Çek Cumhuriyeti,Cộng Hòa Séc,捷克,
15,Türkei,Turkey,Turquía,Turquie,トルコ,터키,Turquia,Турция,ตุรกี,Türkiye,Thổ Nhĩ Kỳ,土耳其,
16,Slowenien,Slovenia,Eslovenia,Slovénie,スロベニア,슬로베니아,Eslovénia,Словения,สโลวีเนีย,Slovenya,Slovenia,斯洛文尼亚,
17,Portugal,Portugal,Portugal,Portugal,ポルトガル,포르투갈,Portugal,Португалия,โปรตุเกส,Portekiz,Bồ Đào Nha,葡萄牙,
18,Armenien,Armenia,Armenia,Arménie,アルメニア,아르메니아,Arménia,Армения,อาร์เมเนีย,Ermenistan,Armenia,亚美尼亚,
19,Bulgarien,Bulgaria,Bulgaria,Bulgarie,ブルガリア,불가리아,Bulgária,Болгария,บัลแกเรีย,Bulgaristan,Bungary,保加利亚,
20,Schweden,Sweden,Suecia,Suède,スウェーデン,스웨덴,Suécia,Швеция,สวีเดน,İsveç,Thụy Điển,瑞典,
21,Ungarn,Hungary,Hungría,Hongrie,ハンガリー,헝가리,Hungria,Венгрия,ฮังการี,Macaristan,Hungary,匈牙利,
22,Italien,Italy,Italia,Italie,イタリア,이탈리아,Itália,Италия,อิตาลี,İtalya,Ý,意大利,
23,Spanien,Spain,España,Espagne,スペイン,스페인,Espanha,Испания,สเปน,İspanya,Tây Ban Nha,西班牙,
24,Litauen,Lithuania,Lituania,Lituanie,リトアニア,리투아니아,Lituânia,Литва,ลิทัวเนีย,Litvanya,Lithuania,立陶宛,
25,England,England,Inglaterra,Angleterre,イングランド,잉글랜드,Inglaterra,Англия,อังกฤษ,İngiltere,Anh,英格兰,
26,Rumänien,Romania,Rumanía,Roumanie,ルーマニア,루마니아,Romênia,Румыния,โรมาเนีย,Romanya,Romani,罗马尼亚,
27,Estland,Estonia,Estonia,Estonie,エストニア,에스토니아,Estónia,Эстония,เอสโตเนีย,Estonya,Estonia,爱沙尼亚,
28,Palästina,Palestine,Palestina,Palestine,パレスチナ,팔레스타인,Palestina,Палестина,ปาเลสไตน์,Filistin,Lãnh thổ Palastine,巴勒斯坦,
29,Norwegen,Norway,Noruega,Norvège,ノルウェー,노르웨이,Noruega,Норвегия,นอร์เวย์,Norveç,Na Uy,挪威,
30,Ukraine,Ukraine,Ucrania,Ukraine,ウクライナ,우크라이나,Ucrânia,Украина,ยูเครน,Ukrayna,Ukraine,乌克兰,
31,Finnland,Finland,Finlandia,Finlande,フィンランド,핀란드,Finlândia,Финляндия,ฟินแลนด์,Finlandiya,Phần Lan,芬兰,
32,Kosovo,Kosovo,Kosovo,Kosovo,コソボ,코소보,Kosovo,Косово,โคโซโว,Kosova,Kosovo,科索沃,
33,Dänemark,Denmark,Dinamarca,Danemark,デンマーク,덴마크,Dinamarca,Дания,เดนมาร์ก,Danimarka,Đan Mạch,丹麦,
34,Costa Rica,Costa Rica,Costa Rica,Costa Rica,コスタリカ,코스타리카,Costa Rica,Коста-Рика,คอสตาริกา,Kosta Rika,Costa Rica,哥斯达黎加,
35,Schweiz,Switzerland,Suiza,Suisse,スイス,스위스,Suíça,Швейцария,สวิตเซอร์แลนด์,İsviçre,Thụy Sỹ,瑞士,
36,Chinesisch Taipeh,Chinese Taipei,China Taipéi,Taipei chinois,台湾,중화 타이베이,Taipé Chinesa,Тайвань,ไต้หวัน,Tayvan,Đài Bắc Trung Quốc,中华台北,
37,Österreich,Austria,Austria,Autriche,オーストリア アマチュア,오스트리아,Áustria,Австрия,ออสเตรีย,Avusturya,Áo,奥地利,Austria
38,Tansania,Tanzania,Tanzanía,Tanzanie,タンザニア,탄자니아,República da Tanzânia,Танзания,แทนซาเนีย,Tanzanya,Cộng Hòa Tanzania,坦桑尼亚,
39,Electronic Leagues,Electronic Leagues,Ligas Electrónicas,eSports,エレクトロニックリーグ,일렉트로닉 리그,Ligas Eletrónicas,Электронные Лиги,อิเล็กทรอนิกส์ ลีก,Elektronik Ligler,Giải Điện Tử,电子联盟,
40,Syrien,Syrian Arab Republic,Siria,Syrie,シリア,시리아,Síria,Сирия,ซีเรีย,Suriye,Cộng Hòa Ả Rập Syrie,叙利亚,
41,Usbekistan,Uzbekistan,Uzbekistán,Ouzbékistan,ウズベキスタン,우즈베키스탄,Uzbequistão,Узбекистан,อุซเบกิสถาน,Özbekistan,Uzbekistan,乌兹别克斯坦,
42,Slowakei,Slovakia,Eslovaquia,Slovaquie,スロバキア,슬로바키아,Eslováquia,Словакия,สโลวาเกีย,Slovakya,Slovakia,斯洛伐克,
43,Griechenland,Greece,Grecia,Grèce,ギリシャ,그리스,Grécia,Греция,กรีซ,Yunanistan,Hy Lạp,希腊,
44,International,International,Internacional,International,インターナショナル,국제,Internacional,Международный,นานาชาติ,Uluslararası,Giao hữu quốc tê,国际,الدولي
45,Australien,Australia,Australia,Australie,オーストラリア,호주,Austrália,Австралия,ออสเตรเลีย,Avustralya,Úc,澳大利亚,
46,Russland,Russia,Rusia,Russie,ロシア,러시아,Rússia,Россия,รัสเซีย,Rusya,Nga,俄罗斯,
47,Irland,Ireland,Irlanda,Irlande,アイルランド,아일랜드,Irlanda,Ирландия,ไอร์แลนด์,İrlanda,Ai-len,爱尔兰,
48,Singapur,Singapore,Singapur,Singapour,シンガポール,싱가포르,Singapura,Сингапур,สิงคโปร์,Singapur,Singapore,新加坡,
49,Albanien,Albania,Albania,Albanie,アルバニア,알바니아,Albânia,Албания,แอลเบเนีย,Arnavutluk,Albania,阿尔巴尼亚,
50,Lettland,Latvia,Letonia,Lettonie,ラトビア,라트비아,Letônia,Латвия,ลัตเวีย,Letonya,Latvia,拉脱维亚,
51,Simulated Reality League,Simulated Reality League,Simulated Reality League,Simulated Reality League,Simulated Reality League,Simulated Reality League,Liga Realidade Simulada,Simulated Reality League,Simulated Reality League,Simulated Reality League,Simulated Reality League,Simulated Reality League,
52,Tadschikistan,Tajikistan,Tajikistán,,タジキスタン,,Tajiquistão,Таджикистан,ทาจิกิสถาน,Tacikistan,Tajikistan,塔吉克斯坦,
53,Kasachstan,Kazakhstan,Kazajistán,Kazakhstan,カザフスタン,카자흐스탄,Cazaquistão,Казахстан,คาซัคสถาน,Kazakistan,Kazakhstan,哈萨克斯坦,
54,Jordanien,Jordan,Jordania,Jordanie,ヨルダン,요르단,Jordânia,Иордания,จอร์แดน,Ürdün,Jordan,约旦,
55,Georgien,Georgia,Georgia,Géorgie,ジョージア,그루지아,Geórgia,Грузия,จอร์เจีย,Gürcistan,Georgia,格鲁吉亚,
56,Aserbaidschan,Azerbaijan,Azerbayán,Azerbaïdjan,アゼルバイジャン,아제르바이젠,Azerbaijão,Азербайджан,อาเซอร์ไบจาน,Azerbaycan,Azerbaijan,阿塞拜疆,
57,Iran,Iran,Irán,Iran,イラン,이란,Irã,Иран,อิหร่าน,İran,Nước Cộng Hòa Hồi Giáo Iran,伊朗,
58,Brasilien,Brazil,Brasil,Brésil,ブラジル,브라질,Brasil,Бразилия,บราซิล,Brezilya,Brazil,巴西,
59,Japan,Japan,Japón,Japon,日本,일본,Japão,Япония,ญี่ปุ่น,Japonya,Nhật Bản,日本,
60,Burundi,Burundi,Burundi,Burundi,ブルンジ,부룬디,Burundi,Бурунди,บุรุนดี,Burundi,Burundi,布隆迪,
61,Moldawien,Moldova,Moldavia,Moldavie,モルドバ,몰도바,República da Moldávia,Молдова,มอลโดวา,Moldova,Cộng Hòa Moldova,摩尔多瓦,
62,USA,USA,Estados Unidos,Etats-Unis,米国,미국,EUA,США,สหรัฐอเมริกา,ABD,Mỹ,美国,
63,Tunesien,Tunisia,Túnez,Tunisie,チュニジア,튀니지,Tunísia,Тунис,ตูนิเซีย,Tunus,Tunisia,突尼斯,
64,Krim,Crimea,Crimea,Crimée,クリミア,크림반도,Crimeia,Крым,ไครเมีย,Kırım,Bán đảo Krym,克里米亚,
65,Mongolei,Mongolia,Mongolia,,モンゴル,,Mongólia,Монголия,มองโกเลีย,Moğolistan,Mông Cổ,蒙古,
66,Frankreich,France,Francia,France,フランス,프랑스,França,Франция,ฝรั่งเศส,Fransa,Pháp,法国,
67,Kambodscha,Cambodia,Camboya,,カンボジア,,Cambodja,Камбоджа,กัมพูชา,Kamboçya,Campuchia,柬埔寨,
68,Schottland,Scotland,Escocia,Écosse,スコットランド,스코틀랜드,Escócia,Шотландия,สกอตแลนด์,İskoçya,Scotland,苏格兰,
69,Nordirland,Northern Ireland,Irlanda del Norte,Irlande du Nord,北アイルランド,북아일랜드,Irlanda do Norte,Северная Ирландия,ไอร์แลนด์เหนือ,Kuzey İrlanda,Bắc Ireland,北爱尔兰,
70,Andorra,Andorra,Andorra,Andorre,アンドラ,안도라,Andorra,Андорра,อันดอร์รา,Andorra,Angorra,安道尔,
71,Nicaragua,Nicaragua,Nicaragua,Nicaragua,ニカラグア,니카라과,Nicarágua,Никарагуа,นิการากัว,Nikaragua,Nicaragua,尼加拉瓜,
73,Kanada,Canada,Canadá,Canada,カナダ,캐나다,Canadá,Канада,แคนาดา,Kanada,Canada,加拿大,
74,Belgien,Belgium,Bélgica,Belgique,ベルギー,벨기에,Bélgica,Бельгия,เบลเยียม,Belçika,Bỉ,比利时,
75,,Laos,,,,,,,,,,,
76,China,China,China,Chine,中国,중국,China,Китай,สาธารณรัฐประชาชนจีน,Çin,Trung Quốc,中国,
77,Sri Lanka,Sri Lanka,Sri Lanka,Sri Lanka,スリランカ,스리랑카,Sri Lanka,Шри-Ланка,ศรีลังกา,Sri Lanka,Sri Lanka,斯里兰卡,
78,,,,,,,,,,,,,
79,Zypern,Cyprus,Chipre,Chypre,キプロス,사이프러스,Chipre,Кипр,ไซปรัส,Kıbrıs Rum Kesimi,Đảo Síp,塞浦路斯,
80,,Dominican Republic,,,,,,,,,,多米尼加共和国,
83,Bhutan,Bhutan,Bután,Bhoutan,ブータン,부탄,Butão,Бутан,ภูฏาน,Butan Krallığı,Bhutan,不丹,
86,,China,,,,,,,,,,,
1018,Gt Sports League,Gt Sports League,Gt Sports League,Gt Sports League,Gt Sports League,Gt Sports League,Liga GT Sports,Gt Sports League,Gt Sports League,Gt Sports League,Gt Sports League,Gt Sports League,
89,Mexiko,Mexico,México,Mexique,メキシコ,멕시코,México,Мексика,เม็กซิโก,Meksika,Mexico,墨西哥,
91,Wales,Wales,Gales,Pays de Galles,ウェールズ,웨일즈,País de Gales,Уэльс,แคว้นเวลส์,Galler,Xứ Wales,威尔士,
92,Malta,Malta,Malta,Malte,マルタ,말타,Malta,Мальта,มอลตา,Malta,Malta,马耳他,
93,Brunei ,Brunei ,Brunei ,Brunei ,Brunei ,Brunei ,Brunei ,Brunei ,Brunei ,Brunei ,Brunei ,Brunei ,
94,,Cuba,,,,,,,,,,,
96,,Grenada,,,,,,,,,,,
97,Neuseeland,New Zealand,Nueva Zelanda,Nouvelle-Zélande,ニュージーランド,뉴질랜드,Nova Zelândia,Новая Зеландия,นิวซีแลนด์,Yeni Zelanda,New Zealand,新西兰,
99,,Benin,,,,,,,,,,,
101,,Dominica,,,,,,,,,,,
102,,Guadeloupe,,,,,,,,,,,
1021,Perfect World Dota2,Perfect World Dota2,Dota2 Perfect World,Perfect World Dota2,パーフェクトワールド Dota2,퍼펙트 월드 도타2,Perfect World Dota2,Perfect World Dota2,เปอร์เฟค เวิร์ล โดต้า2,Perfect World Dota2,Perfect World Dota2,完美世界 刀塔2,
104,Bosnien und Herzegowina,Bosnia & Herzegovina,Bosnia y Herzegovina,Bosnie-Herzégovine,ボスニア・ヘルツェゴビナ,보스니아 헤르체코비나,Bósnia & Herzegovina,Босния и Герцеговина,บอสเนียและเฮอร์เซโกวีนา,Bosna Hersek,Bosnia & Herzegovina,波斯尼亚和黑塞哥维那,
105,Nordmazedonien,North Macedonia,Macedonia del Norte,Macédoine du Nord,北マケドニア,북마케도니아,Macedónia do Norte,Северная Македония,นอร์ธ มาซิโดเนีย,Kuzey Makedonya,Bắc Macedonia,北马其顿,
108,Ecuador,Ecuador,Ecuador,Equateur,エクアドル,에콰도르,Equador,Эквадор,เอกวาดอร์,Ekvador,Ecuador,厄瓜多尔,
109,Saint Kitts and Nevis,Saint Kitts and Nevis,Saint Kitts and Nevis,Saint Kitts and Nevis,Saint Kitts and Nevis,Saint Kitts and Nevis,Saint Kitts and Nevis,Saint Kitts and Nevis,Saint Kitts and Nevis,Saint Kitts and Nevis,Saint Kitts and Nevis,Saint Kitts and Nevis,Saint Kitts and Nevis
110,,,,,,,,,,,,,
111,,,,,,,,,,,,,
114,Luxemburg,Luxembourg,Luxemburgo,Luxembourg,ルクセンブルク,룩셈부르크,Luxemburgo,Люксембург,ลักเซมเบิร์ก,Lüksemburg,Luxembourg,卢森堡,
118,Peru,Peru,Perú,Pérou,ペルー,페루,Perú,Перу,เปรู,Peru,Peru,秘鲁,
120,,,,,,,,,,,,,
1023,Liga Pro,Liga Pro,Liga Pro,Liga Pro,Liga Pro,Liga Pro,Liga Profissional,Liga Pro,Liga Pro,Liga Pro,Liga Pro,Liga Pro,
130,Kolumbien,Colombia,Colombia,Colombie,コロンビア,콜롬비아,Colômbia,Колумбия,โคลอมเบีย,Kolombiya,Colombia,哥伦比亚,
133,Paraguay,Paraguay,Paraguay,Paraguay,パラグアイ,파라과이,Paraguai,Парагвай,ปารากวัย,Paraguay,Paraguay,巴拉圭,
134,Venezuela,Venezuela,Venezuela,Venezuela,ベネズエラ,베네수엘라,Venezuela,Венесуэла,เวเนซุเอลา,Venezuela,Venezuela,委内瑞拉,
139,Vereinigte Arabische Emirate,United Arab Emirates,Emiratos Árabes Unidos,Emirats Arabes Unis,アラブ首長国連邦,아랍에미레이츠,Emiratos Árabes Unidos,Объединенные Арабские Эмираты,สหรัฐอาหรับเอมิเรตส์,BAE,Các tiểu vương quốc Ả Rập Thống Nhất,阿联酋,
141,Marokko,Morocco,Marruecos,Maroc,モロッコ,모로코,Marrocos,Марокко,โมร็อกโก,Fas,Ma Rốc,摩洛哥,
142,Algerien,Algeria,Argelia,Algérie,アルジェリア,알제리,Argélia,Алжир,แอลจีเลีย,Cezayir,Algeria,阿尔及利亚,
143,Ägypten,Egypt,Egipto,Egypte,エジプト,이집트,Egito,Египет,อียิปต์,Mısır,Ai Cập,埃及,
144,Saudi Arabien,Saudi Arabia,Arabia Saudita,Arabie Saoudite,サウジアラビア,사우디아라비아,Arábia Saudita,Саудовская аравия,ซาอุดีอาระเบีย,Suudi Arabistan,Ả Rập Saudi,沙特阿拉伯,
146,Südafrika,South Africa,Sudáfrica,Afrique du Sud,南アフリカ,남아프리카 공화국,África do Sul,Южная Африка,แอฟริกาใต้,Güney Afrika,Nam Phi,南非,
149,Kuwait,Kuwait,Kuwait,Koweït,クウェート,쿠웨이트,Kuwait,Кувейт,คูเวต,Kuveyt,Kuwait,科威特,
150,"Hong Kong, China","Hong Kong, China","Hong Kong, China","Hong Kong, Chine",香港、中国,"홍콩, 중국","Hong Kong, China","Гонконг, Китай","ฮ่องกง, จีน","Hong Kong, Çin","Hồng Kông, Trung Quốc",香港，中国,
153,Bahrain,Bahrain,Baréin,Bahreïn,バーレーン,바레인,Bahrain,Бахрейн,บาห์เรน,Bahreyn,Bahrain,巴林,
154,Indien,India,India,Inde,インド,인도,India,Индия,อินเดีย,Hindistan,Ấn Độ,印度,كرة الماء
155,Katar,Qatar,Catar,Qatar,カタール,카타르,Catar,Катар,กาตาร์,Katar,Qatar,卡塔尔,
156,Niederlande,Netherlands,Países Bajos,Pays-Bas,オランダ,네덜란드,Holanda,Голландия (Нидерланды),เนเธอร์แลนด์,Hollanda,Hà Lan,荷兰,
157,Guatemala,Guatemala,Guatemala,Guatemala,グアテマラ,과테말라,Guatemala,Гватемала,กัวเตมาลา,Guatemala,Guatemala,危地马拉,
159,El Salvador,El Salvador,El Salvador,Le Salvador,エルサルバドル,엘살바도르,El Salvador,Сальвадор,เอลซัลวาดอร์,El Salvador,El Salvador,萨尔瓦多,
160,Indonesien,Indonesia,Indonesia,Indonésie,インドネシア,인도네시아,Indonésia,Индонезия,อินโดนีเซีย,Endonezya,Indonesia,印尼,
163,Bolivien,Bolivia,Bolivia,Bolivie,ボリビア,볼리비아,Bolívia,Боливия,โบลิเวีย,Bolivya,Bolivia,玻利维亚,
167,San Marino,San Marino,San Marino,San Marin,サンマリノ,산마리노,São Marino,Сан-Марино,ซาน มารีโน,San Marino,San Marino,圣马力诺,
170,,,,,,,,,,,,,
171,Kamerun,Cameroon,Camerún,Cameroun,カメルーン,카메룬,Camarões,Камерун,แคเมอรูน,Kamerun,Cameroon,喀麦隆,
172,Jugend International,International Youth,Internacional Juvenil,International Jeunes,インターナショナルユース,인터네이셔널 유스,Seleções Jovens,Международный молодежная лига,เยาวชนนานาชาติ,Uluslararası Gençler,International Youth,国际青少年,International Youth
174,Oman,Oman,Omán,Oman,オマーン,오만,Omã,Оман,โอมาน,Oman Sultanlığı,Oman,阿曼,
175,,,,,,,,,,,,,
176,Libanon,Lebanon,Líbano,,レバノン,,Líbano,Ливан,เลบานอน,Lübnan,Liban,黎巴嫩,
177,Honduras,Honduras,Honduras,Honduras,ホンジュラス,온두라스,Honduras,Гондурас,ฮอนดูรัส,Honduras,Honduras,洪都拉斯,
178,,,,,,,,,,,,,
181,Bangladesch,Bangladesh,Bangladés,Bangladesh,バングラデシュ,방글라데시,Bangladesh,Бангладеш,บังกลาเทศ,Bangladeş,Bangladesh,孟加拉国,
182,,Sudan,,,,,,,,,,,
184,Thailand,Thailand,Tailandia,Thaïlande,タイ,태국,Tailândia,Таиланд,ไทย,Tayland,Thái Lan,泰国,
185,Argentinien,Argentina,Argentina,Argentine,アルゼンチン,아르헨티나,Argentina,Аргентина,อาร์เจนตินา,Arjantin,Argentina,阿根廷,
186,Irak,Iraq,Irak,Irak,イラク,이라크,Iraque,Ирак,อิรัก,Irak,Iraq,伊拉克,
187,Chile,Chile,Chile,Chili,チリ,칠레,Chile,Чили,ชิลี,Şili,Chi lê,智利,
189,Angola,Angola,Angola,Angola,アンゴラ,앙골라,Angola,Ангола,แองโกลา,Angola,Angola,安哥拉,
190,,Jamaica,,,,,,,,,,,
191,,Liechtenstein,,,,,,,,,,,
193,,Belize,,,,,,,,,,,
194,Panama,Panama,Panamá,Panama,パナマ,파나마,Panamá,Панама,ปานามา,Panama,Panama,巴拿马,
195,,Trinidad and Tobago,,,,,,,,,,,
197,Nigeria,Nigeria,Nigeria,Nigéria,ナイジェリア,나이지리아,Nigéria,Нигерия,ไนจีเรีย,Nijerya,Nigeria,尼日利亚,
199,Ghana,Ghana,Ghana,Ghana,ガーナ,가나,Gana,Гана,กานา,Gana,Ghana,加纳,
200,Namibia,Namibia,Namibia,Namibia,Namibia,Namibia,Namibia,Namibia,Namibia,Namibia,Namibia,Namibia,Namibia
202,,Mauritania,,,,,,,,,,,
203,Puerto Rico,Puerto Rico,Puerto Rico,Porto Rico,プエルトリコ,푸에르토리코,Porto Rico,Пуэрто-Рико,เปอร์โตริโก,Porto Riko,Puerto Rico,波多黎各,
204,Uruguay,Uruguay,Uruguay,Uruguay,ウルグアイ,우루과이,Uruguai,Уругвай,อุรุกวัย,Uruguay,Uruguay,乌拉圭,
205,,DR Congo,,,,,,,,,,,
207,,Maldives,,,,,,,,,,,
208,,Aruba,,,,,,,,,,,
211,,,,,,,,,,,,,
212,,,,,,,,,,,,,
213,Pakistan,Pakistan,Pakistán,Pakistan,パキスタン,파키스탄,Paquistão,Пакистан,ปากีสถาน,Pakistan,Pakistan,巴基斯坦,
214,,Macao,,,,,,,,,,,
216,,Kyrgyzstan,,,,,,,,,,,
218,Myanmar,Myanmar,Myanmar,,ミャンマー,,Myanmar,Мьянма,พม่า,Myanmar,Myamar,缅甸,
219,,Burkina Faso,,,,,,,,,,,
220,,,,,,,,,,,,,
222,,,,,,,,,,,,,
223,,Haiti,,,,,,,,,,,
225,,,,,,,,,,,,,
227,,Botswana,,,,,,,,,,,
228,Kenia,Kenya,Kenia,Kenya,ケニア,케냐,Quénia,Кения,เคนยา,Kenya,Kenya,肯尼亚,
229,,Mozambique,,,,,,,,,,,
230,,Fiji,,,,,,,,,,,
231,Sambia,Zambia,Zambia,Zambie,ザンビア,잠비아,Zâmbia,Замбия,แซมเบีย,Zambiya,Zambia,赞比亚,
232,,,,,,,,,,,,,
233,Uganda,Uganda,Uganda,Ouganda,ウガンダ,우간다,Uganda,Уганда,ยูกันดา,Uganda,Uganda,乌干达,
235,,Curacao,,,,,,,,,,,
236,Malawi,Malawi,Malaui,Malawi,マラウイ,말라위,Malaui,Малави,มาลาวี,Malavi,Malawi,马拉维,
237,,Mali,,,,,,,,,,,
238,,,,,,,,,,,,,
239,Philippinen,Philippines,Filipinas,Philippines,フィリピン,필리핀,Ilhas Filipinas,Филиппины,ฟิลิปปินส์,Filipinler,Philippin,菲律宾,
242,Malaysia,Malaysia,Malasia,Malaisie,マレーシア,말레이시아,Malásia,Малайзия,มาเลเซีย,Malezya,Malaysia,马来西亚,
243,Togo,Togo,Togo,,,,Togo,,,,,,
245,,Afghanistan,,,,,,,,,,,
247,,New Caledonia,,,,,,,,,,,
248,,,,,,,,,,,,,
249,,Solomon Islands,,,,,,,,,,,
250,Senegal,Senegal,Senegal,Sénégal,セネガル,세네갈,Senegal,Сенегал,เซเนกัล,Senegal,Senegal,塞内加尔,
251,Republik Kongo,Congo,República del Congo,Congo,コンゴ民主共和国,콩고,Republica do Congo,Конго,สาธารณรัฐคองโก,Kongo,Cộng Hòa Công Gô,刚果,
253,,,,,,,,,,,,,
254,,Nepal,,,,,,,,,,,
255,,Djibouti,,,,,,,,,,,
256,,,,,,,,,,,,,
257,,,,,,,,,,,,,
258,,,,,,,,,,,,,
259,,Cayman Islands,,,,,,,,,,,
260,,,,,,,,,,,,,
261,,Mauritius,,,,,,,,,,,
262,Äthiopien,Ethiopia,Etiopía,Ethiopie,エチオピア,에티오피아,Etiópia,Эфиопия,เอธิโอเปีย,Etiyopya,Ethiopia,埃塞俄比亚,
263,,,,,,,,,,,,,
266,,,,,,,,,,,,,
267,,,,,,,,,,,,,
268,,,,,,,,,,,,,
269,Ruanda,Rwanda,Ruanda,Rwanda,ルワンダ,르완다,Ruanda,Руанда,รวันดา,Ruanda,Ruwanda,卢旺达,
270,,,,,,,,,,,,,
271,,Liberia,,,,,,,,,,,
272,,,,,,,,,,,,,
273,,,,,,,,,,,,,
275,,Gambia,,,,,,,,,,,
276,Guinea,Guinea,Guinea,Guinée,ギニア,기니,Guiné,Гвинея,สาธารณรัฐกินี,Gine,Guinea,几内亚,
277,,,,,,,,,,,,,
278,,,,,,,,,,,,,
279,,Madagascar,,,,,,,,,,,
280,,,,,,,,,,,,,
281,,,,,,,,,,,,,
282,,,,,,,,,,,,,
283,,,,,,,,,,,,,
284,,,,,,,,,,,,,
285,,Niger,,,,,,,,,,,
286,,,,,,,,,,,,,
921,Simulated Reality Women,Simulated Reality Women,Simulated Reality Women,Simulated Reality Women,Simulated Reality Women,Simulated Reality Women,Realidade Simulada Feminino,Simulated Reality Women,Simulated Reality Women,Simulated Reality Women,Simulated Reality Women,Simulated Reality Women,
923,ATP,ATP,ATP,ATP,ATP,ATP,ATP,АТП,ATP,ATP,ATP,ATP,
924,ITF Frauen,ITF Women,ITF Femenino,ITF Femmes,ITF女子,국제 테니스 연맹,ITF Feminino,ITF Женщины,ITF ผู้หญิง,ITF Kadınlar,ITF Women,ITF女子,
927,Formel 1,Formula 1,Fórmula 1,Formule 1,F1,포물러 1,Fórmula 1,Формула -1,ฟอร์มูล่า วัน,Formula 1,Dua xe Công thức 1,世界一级方程式锦标赛,فورمولا 1
928,Challenger,Challenger,Challenger,Challenger,チャレンジ,첼린지,Challenger,Челленджер,แชลแลนจ์,Challenger,Challenger,挑战赛,
1029,,,,,,,,,,,,,
931,WTA 125K,WTA 125K,Challenge Femenino,,WTA 125K,,WTA 125K,WTA 125K,ชาเลนจ์ หญิง,WTA 125K,Giải nữ,女子挑战赛,
934,ITF Männer,ITF Men,ITF Masculino,ITF Hommes,ITF男子,ITF 남자,ITF Masculino,ITF Мужчины,ITF ผู้ชาย,ITF Erkekler,Giải Nam ITF,ITF男子,
936,WTA,WTA,WTA,WTA,WTA,여자 테니스 협회,WTA,ВТА,ดับเบิ้ลยูทีเอ,WTA,WTA,WTA,
939,Männer,Men,Masculino,Hommes,男子,남자,Masculinos,Мужчины,ชาย,Erkekler,Nam,男子,
940,UFC,UFC,UFC,UFC,UFC,UFC,UFC,UFC,ยูเอฟซี,UFC,UFC,终极格斗,يو اف سي
943,Exhibition,Exhibition,Exhibición,Exhibition,エキシビジョン,행사,Exibição,Товарищеский матч,การแสดง,Gösteri,Giải giao hữu,表演赛,
944,Nascar,Nascar,Nascar,Nascar,Nascar,나스카,Nascar,НАСКАР,นาสคา,Nascar,Nascar,纳斯卡赛车锦标赛,
949,Sports,Sports,Deportes,Sports,スポーツ,스포츠,Esportes,Спорт,กีฬา,Spor,Các Môn Thể Thao,运动,
951,Politik,Politics,Política,Politique,政治,정치,Política,Политика,การเมือง,Politika,Chính Trị,政治,
953,Rally,Rally,Rally,,ラリー,,Rally,Ралли,แรลลี่,Ralli,Rally,拉力赛,
954,Riot LoL,Riot LoL,Riot LoL,Riot LoL,ライオット リーグ・オブ・レジェンド,라이엇 LoL,Riot,Riot LoL,ไรอ็อต แอลโอแอล,Riot LoL,Liên Minh Huyền Thoại Riot,拳头 英雄联盟,
955,Biathlon Männer,Biathlon,Biatlón,Biathlon,バイアスロン,바이애슬론,Biatlo,Биатлон. Мужчины,โอเวอร์ออล,Biatlon Erkekler,Tổng Hợp,男子冬季两项,
956,Biathlon Frauen,Biathlon Women,Biatlón Femenino,Biathlon féminin,バイアスロン女子,바이애슬론 여자,Biatlo Feminino,Биатлон. Женщины,โอเวอร์ออล ผู้หญิง,Biatlon Kadınlar,Tổng Hợp Nữ,女子冬季两项,
958,,Cross-country,,,,,,,,,,,
959,Skilanglauf Frauen,Cross-country Women,Cross-country Femenino,,クロスカントリー女子,,Esqui de Fundo Feminino,Лыжные гонки (Ж),ครอส คันทรี หญิง,Kayaklı Koşu Kadınlar,Tổng Hợp Nữ,女子越野滑雪,
960,Westindische Inseln,West Indies,Indias Occidentales,Indes occidentales,西インド諸島,서인도제도,Índias Ocidentais,Вест-Индия,เวสต์ อินดีส์,Batı Hint Adaları,Các Quốc Gia Phía Tây Ấn Độ Dương,西印度群岛,
962,Deutsche Tourenwagen Masters,DTM,DTM,,DTM,,DTM,ДТМ,DTM,DTM,Giải đua xe ô tô du lịch phổ thông Đức DTM,德国房车大师赛,
963,Superbike,Superbike,Superbike,,スーパーバイク,,Superbike,Супербайк,ซูเปอร์ไบก์,Superbike,Superbike,Superbike,
965,,Ski Jumping,,,,,,,,,,,
966,Bellator,Bellator,Bellator,Bellator,Bellator,벨라토르,Bellator,Bellator,เบลเลเตอร์,Bellator,Bellator,Bellator MMA,
967,ESEA CS:GO,ESEA CS:GO,ESEA CS:GO,ESEA CS:GO,ESEA CS:GO,ESEA CS:GO,ESEA CS:GO,ESEA CS:GO,อีเอสอีเอ ซีเอส:จีโอ,ESEA CS:GO,ESEA CS:GO,ESEA CS:GO,
968,Frauen,Women,Femenino,Femmes,女子,여자,Femininos,Женщины,หญิง,Kadınlar,Nữ,女子,
970,,Bikes,,,,,,,,,,,
972,Indycar,Indycar,Indycar,,インディカー,,Indycar,Индикар,อินดี้คาร์,Indycar,Indycar,印地赛车,
973,Moto2,Moto2,Moto2,Moto2,Moto2,모토2,Moto2,Мото2,โมโต3,Moto 2,Moto2,Moto2,
974,Moto3,Moto3,Moto3,Moto3,Moto3,모토2,Moto3,Мото3,โมโต3,Moto 3,Moto3,Moto3,
975,MotoGP,MotoGP,MotoGP,MotoGP,MotoGP,모토 그랑프리,MotoGP,Мото Гран-При,มอเตอร์จีพี,Moto GP,MotoGP,世界摩托车大奖赛,
976,,Martinique (French),,,,,,,,,,,
978,Simulated Reality,Simulated Reality,Simulated Reality,Simulated Reality,Simulated Reality,Simulated Reality,Realidade Simulada,Simulated Reality,Simulated Reality,Simulated Reality,Simulated Reality,Simulated Reality,
982,ESL CS:GO,ESL CS:GO,ESL CS:GO,ESL CS:GO,ESL CS:GO,ESL CS:GO,ESL CS:GO,ESL CS:GO,อีเอสแอล ซีเอส:จีโอ,ESL CS:GO,ESL CS:GO,ESL CS:GO,
983,,,,,,,,,,,,,
985,KSW,KSW,KSW,KSW,KSW,KSW,KSW,KSW,เคเอสดับบิว,KSW,KSW,KSW MMA,
986,Moon Studio Dota 2,Moon Studio Dota 2,Moon Studio Dota 2,,ムーンスタジオ Dota2,,Moon Studio Dota 2,Moon Studio Dota 2,มูน สตูดิโอ โดตา 2,Moon Studio Dota 2,Moon Studio Dota 2,月球工作室 刀塔2,
987,Ski Alpin Männer,Alpine,Esquí Alpino,Ski alpin,アルペン男子,알파인,Alpine Masculino,Горные лыжи (М),อัลไพน์ ผู้ชาย,Alp Disiplini Erkekler,Trượt Tuyết Nam,男子高山滑雪,
988,Ski Alpin Frauen,Alpine Women,Esquí Alpino Femenino,Ski alpin féminin,アルペン女子,알파인 여자,Geral Feminino,Горные лыжи (Ж),อัลไพน์ ผู้หญิง,Alp Disiplini Kadınlar,Tổng Hợp Nữ,女子高山滑雪,
989,Riesenslalom,Giant Slalom,Slalom Gigante,,大回転,,Slalom Gigante,Гигантский слалом (М),ไจแอนท์ สลาลม,Erkekler Büyük Slalom,Trượt tuyết hình chữ chi,大回转,
990,Riesenslalom Frauen,Giant Slalom Women,Slalom Gigante Femenino,Slalom géant Dames,大回転女子,자이언트 슬랄롬 여자,Slalom Gigante Feminino,Гигантский слалом (Ж),ไจแอนท์ สลาลม วูเมน,Kadınlar Büyük Slalom,Trượt tuyết hình chữ chi nữ,女子大回转,
991,Dreamhack CS:GO,Dreamhack CS:GO,Dreamhack CS:GO,,ドリームハック CS:GO,,Dreamhack CS:GO,Dreamhack CS:GO,ดรีมแฮค ซีเอส:จีโอ,Dreamhack CS:GO,Dreamhack CS:GO,Dreamhack CS:GO,
992,,,,,,,,,,,,,
993,One FC,One FC,One FC,,One FC,,One FC,One FC,วัน เอฟซี,One FC,One FC,One FC,
994,International Frauen,International Women,Femenino Internacional,,インターナショナル女子,,Internacional Feminino,Международный Женщины,อินเตอร์เนชันแนล วูเมน,Uluslararası Kadınlar,Nữ Thế Giới,国际女子,
996,BTS Dota2,BTS Dota2,Beyond the Summit Dota2,BTS Dota2,BTS Dota2,BTS 도타2,Beyond the Summit Dota2,BTS Dota2,บีทีเอส โดต้า2,BTS Dota2,BTS Dota2,BTS 刀塔2,
999,4D,4D,4D,4D,4D,4D,4D,4D,4D,4D,4D,4D,
1000,,Slalom Women,,,,,,,,,,,
1001,BLAST CS:GO,BLAST CS:GO,BLAST CS:GO,BLAST CS:GO,ブラスト CS:GO,발라스트 CS:GO,BLAST CS:GO,BLAST CS:GO,แบลสต์ ซีเอส:จีโอ,BLAST CS:GO,BLAST CS:GO,BLAST反恐精英：GO,
1002,China Dota2,China Dota2,Dota2 China,China Dota2,中国 Dota2,중국 도타2,China Dota2,Китай Dota2,ไซน่า โดต้า2,China Dota2,China Dota2,中国 刀塔2,
1003,Sprint,Sprint,Sprint,Sprint,スプリント,스프린트,Sprint,Спринт (М),สปรินท์,Erkekler Sprint,Nội dung ngắn,短跑,
1004,Sprint Frauen,Sprint Women,Sprint Femenino,Sprint Dames,スプリント女子,스프린트 여자,Sprint Feminino,Спринт (Ж),สปรินท์ วูเมน,Kadınlar Sprint,Nội dung ngắn nữ,女子短跑,
1006,OGA Dota2,OGA Dota2,Dota Pit Dota2,OGA Dota2,OGA Dota2,OGA 도타2,OGA Dota2,OGA Dota2,โอจีเอ โดต้า2,Dota Pit Dota2,Dota Pit Dota2,Dota Pit 刀塔2,
1007,,Super G Women,,,,,,,,,,,
1010,Super G,Super G,Super G,Super G,スーパー大回転,슈퍼 G,Super G,Супергигант (М),ซูเปอร์ จี,Erkekler Süper Büyük Slalom,Trượt tuyết đổ dốc Super G,Super G赛,
1011,Abfahrt,Downhill,Descenso,Descente,ダウンヒル,다운힐,Downhill,Скоростной спуск (М),ดาวน์ฮิลล์,Erkekler İniş Disiplini,Trượt tuyết đổ đèo,高山速降,
1012,,,,,,,,,,,,,
1013,Slalom,Slalom,Slalom,Slalom,回転,슬랄롬,Slalom,Слалом (М),สลาลม,Erkekler Slalom,Trượt tuyết chữ chi vượt chướng ngại vật,回转赛,
1014,Tencent LoL,Tencent LoL,Tencent LoL,Tencent LoL,テンセント リーグ・オブ・レジェンド,텐센트 LoL,Tencent,Tencent LoL,เทนเซนต์ แอลโอแอล,Tencent LoL,Liên Minh Huyền Thoại Tencent,腾讯 英雄联盟,
1015,,Music,,,,,,,,,,,
1016,,Downhill Women,,,,,,,,,,,
1019,Cyber Live Arena,Cyber Live Arena,Cyber Live Arena,Cyber Live Arena,Cyber Live Arena,Cyber Live Arena,CLA,Cyber Live Arena,Cyber Live Arena,Cyber Live Arena,Cyber Live Arena,Cyber Live Arena,
1024,,Esports Battle,,,,,,,,,,,
1025,,Entertainment,,,,,,,,,,,
1027,Skispringen Frauen,Ski Jumping Women,Salto de Esquí Femenino,Saut à ski Femmes,女子個人ノーマルヒル,스키점프 여자,Individual NH Feminino,Прыжки с трамплина. Женщины,สกี กระโดด หญิง,Kadınlar Bireysel Normal Tepe,Trượt tuyết nhảy cầu Nữ,女子跳台滑雪,
1028,Nordische Kombination,Nordic Combined,Combinada Nórdica,Combiné nordique,ノルディック複合,노르딕 복합,Geral,Северное двоеборье,โอเวอร์ออล,Kuzey Kombini Erkekler,Tổng Hợp,北欧越野滑雪,
1030,Davis Cup,Davis Cup,Copa Davis,Coupe Davis,デビスカップ,데이비스 컵,Taça Davis,Кубок Дэвиса,เดวิส คัพ,Davis Kupası,Davis Cup,戴维斯杯,
1031,Formel E,Formula E,Fórmula E,Formule E,フォーミュラE,포뮬러 E,Fórmula E,Формула Е,ฟอร์มูลา E,Formula E,Formula E,方程式E,
1033,,,,,,,,,,,,,
1034,,,,,,,,,,,,,
1035,ESL Dota2,ESL Dota2,ESL Dota2,ESL Dota2,ESL Dota2,ESL Dota2,ESL Dota2,ESL Dota2,อีเอสแอล โดต้า2,ESL Dota2,ESL Dota2,电子竞技联盟 刀塔2,
1036,Fortuna LoL,Fortuna LoL,Fortuna LoL,Fortuna LoL,フォルトゥナ リーグ・オブ・レジェンド,포르투나 LoL,Fortuna,Fortuna LoL,ฟอร์ทูน่า แอลโอแอล,Fortuna LoL,Liên Minh Huyền Thoại Fortuna,Fortuna 英雄联盟,
1037,,,,,,,,,,,,,
1038,,,,,,,,,,,,,
1039,ESL Dota2,ESL Dota2,ESL Dota2,ESL Dota2,ESL Dota2,ESL Dota2,ESL Dota2,ESL Dota2,อีเอสแอล โดต้า2,ESL Dota2,ESL Dota2,电子竞技联盟 刀塔2,
1040,LVP LoL,LVP LoL,LVP LoL,LVP LoL,LVP リーグ・オブ・レジェンド,LVP LoL,LVP,LVP LoL,แอลวีพี แอลโอแอล,LVP LoL,Liên Minh Huyền Thoại LVP,LVP 英雄联盟,
1041,,,,,,,,,,,,,
1042,,Wtl Sc2,,,,,,,,,,,
1043,,,,,,,,,,,,,
1044,LVP LoL,LVP LoL,LVP LoL,LVP LoL,LVP リーグ・オブ・レジェンド,LVP LoL,LVP,LVP LoL,แอลวีพี แอลโอแอล,LVP LoL,Liên Minh Huyền Thoại LVP,LVP 英雄联盟,
1045,One Esports,One Esports,One Esports Dota2,One Esports Dota2,ワンEスポーツ Dota2,원 E스포츠 도타2,One Esports Dota2,One Esports Dota2,วัน Eสปอร์ต โดตา 2,One Esports Dota2,One Esports Dota2,One Sports 刀塔2,
1046,One Esports,One Esports,One Esports Dota2,One Esports Dota2,ワンEスポーツ Dota2,원 E스포츠 도타2,One Esports Dota2,One Esports Dota2,วัน Eสปอร์ต โดตา 2,One Esports Dota2,One Esports Dota2,One Sports 刀塔2,
1048,,,,,,,,,,,,,
1049,,,,,,,,,,,,,
1050,,,,,,,,,,,,,
1052,,,,,,,,,,,,,
1066,Fortuna LoL,Fortuna LoL,Fortuna LoL,Fortuna LoL,フォルトゥナ リーグ・オブ・レジェンド,포르투나 LoL,Fortuna,Fortuna LoL,ฟอร์ทูน่า แอลโอแอล,Fortuna LoL,Liên Minh Huyền Thoại Fortuna,Fortuna 英雄联盟,
1100,Afreeca SC,Afreeca SC,Afreeca SC,Afreeca SC,アフリーカ スタークラフト,아프리카 SC,Afreeca SC,Afreeca SC,อะฟรีก้า เอสซี,Afreeca SC,Afreeca SC,Afreeca 星际争霸,
1198,,,,,,,,,,,,,
1199,Elisa,Elisa,Elisa,Elisa,Elisa,Elisa,Elisa,Elisa,Elisa,Elisa,Elisa,Elisa,
1200,PGL Dota2,PGL Dota2,PGL Dota2,PGL Dota2,PGL Dota2,PGL 도타2,PGL Dota2,PGL Dota2,พีจีแอล โดต้า2,PGL Dota2,PGL Dota2,PGL 刀塔2,
1201,Dreamhack Dota2,Dreamhack Dota2,Dreamhack Dota2,Dreamhack Dota2,ドリームハック Dota2,드림핵 도타2,Dreamhack Dota2,Dreamhack Dota2,ดรีมแฮค โดต้า2,Dreamhack Dota2,Dreamhack Dota2,Dreamhack 刀塔2,
1202,,,,,,,,,,,,,
1231,,,,,,,,,,,,,
1232,,,,,,,,,,,,,
1233,Federations Cup,Federation Cup,Copa Federación,Fed Cup,フェデレーションカップ,연맹 컵,Taça Fed,Кубок Федерации,เฟดเดอเรชั่น คัพ,Fed Kupası,Federation Cup,国际网球联合会杯,
1264,,,,,,,,,,,,,
1297,,,,,,,,,,,,,
1298,,,,,,,,,,,,,
1330,,,,,,,,,,,,,
1363,,,,,,,,,,,,,
1364,,,,,,,,,,,,,
1396,,,,,,,,,,,,,
1429,FACEIT CS:GO,FACEIT CS:GO,FACEIT CS:GO,FACEIT CS:GO,フェイスイット CS:GO,FACEIT CS:GO,FACEIT CS:GO,FACEIT CS:GO,เฟซอิท ซีเอส:จีโอ,FACEIT CS:GO,FACEIT CS:GO,FACEIT CS:GO,
1462,,,,,,,,,,,,,
1497,,,,,,,,,,,,,
1498,,,,,,,,,,,,,
1499,,,,,,,,,,,,,
1528,,,,,,,,,,,,,
1529,,,,,,,,,,,,,
1530,,,,,,,,,,,,,
1531,,,,,,,,,,,,,
1561,,,,,,,,,,,,,
1594,,,,,,,,,,,,,
1627,,,,,,,,,,,,,
1660,Meta,Meta,4Entertainment,4Entertainment,4Entertainment,4인터테인먼트,4Entertainment,4Entertainment,4 เอนเตอร์เทนเมนท์,4Entertainment,Meta,4Entertainment,
1694,,,,,,,,,,,,,
1695,,,,,,,,,,,,,
1696,,,,,,,,,,,,,
1697,WePlay Dota2,WePlay Dota2,WePlay,WePlay Dota2,WePlay Dota2,위플레이 도타2,WePlay Dota2,WePlay Dota2,วีเพลย์ โดต้า2,WePlay Dota2,WePlay Dota2,WePlay 刀塔2,
1726,Inygon,Inygon,Inygon,Inygon,イニゴン,Inygon,Inygon,Inygon,อิไนกอน,Inygon,Inygon,Inygon英雄联盟,
1759,Polsat LoL,Polsat LoL,Polsat LoL,Polsat LoL,ポルサット リーグ・オブ・レジェンド,폴사트 CS:GO,Polsat,Polsat LoL,โพลแซต แอลโอแอล,Polsat LoL,Liên Minh Huyền Thoại Polsat,Polsat 英雄联盟,
1792,,,,,,,,,,,,,
1825,,,,,,,,,,,,,
1858,Challengermode LoL,Challengermode LoL,Challengermode LoL,Challengermode LoL,チャレンジムード リーグ・オブ・レジェンド,챌린저모드 LoL,Challengermode,Challengermode LoL,ชาลเลนเจอร์โหมด แอลโอแอล,Challengermode LoL,Liên Minh Huyền Thoại Challengermode,Challengermode英雄联盟,
1891,,,,,,,,,,,,,
1924,Valve Dota2,Valve Dota2,Valve Dota2,Valve Dota2,Valve Dota2,밸브 도타2,Valve Dota2,Valve Dota2,วาล์ว โดต้า2,Valve Dota2,Valve Dota2,维尔福软件公司 刀塔2,
1957,,,,,,,,,,,,,
1990,,,,,,,,,,,,,
2023,,,,,,,,,,Spesiyaller ,,,
2056,,,,,,,,,,,,,
2124,,,,,,,,,,Etkinlik,,,
2127,,,,,,,,,,,,,
2133,,,,,,,,,,At Terbiyesi (dresaj),,,
2188,,,,,,,,,,Engel Atlama,,,
2222,,,,,,,,,,,,,
2225,,,,,,,,,,,,,
2226,,,,,,,,,,,,,
2353,,,,,,,,,,,,,
2386,,,,,,,,,,,,,
2419,,,,,,,,,,,,,
2485,,,,,,,,,,,,,
2518,,,,,,,,,,,,,
2551,Esportmilla CS:GO,Esportmilla CS:GO,Esportmilla CS:GO,Esportmilla CS:GO,eスポーツミラ CS:GO,이스포츠밀라 CS:GO,Esportmilla CS:GO,Esportmilla CS:GO,อีสปอร์ตมิลล่า ซีเอส:จีโอ,Esportmilla CS:GO,Esportmilla CS:GO,Esportmilla CS:GO,مسابقة اي سبورت ميلا للعبة كونتر ستريكGO
2584,,,,,,,,,,,,,
2617,,,,,,,,,,,,,
2683,,,,,,,,,,,,,
2716,,,,,,,,,,,,,
2749,,,,,,,,,,,,,
2782,,,,,,,,,,,,,
2815,,,,,,,,,,,,,
2816,,,,,,,,,,,,,
2848,,,,,,,,,,,,,
2881,NEST LoL,NEST LoL,NEST LoL,NEST LoL,ネスト リーグ・オブ・レジェンド,NEST LoL,NEST,NEST LoL,เอ็นอีเอสที แอลโอแอล,NEST LoL,Liên Minh Huyền Thoại NEST,全国电子竞技大赛 英雄联盟,لعبة ليج أف لجاندس نست Lol
2882,,,,,,,,,,,,,
2883,,,,,,,,,,,,,
2914,,,,,,,,,,,,,
2949,,,,,,,,,,,,,
2955,,,,,,,,,,,,,
2956,,,,,,,,,,,,,
2957,,,,,,,,,,,,,
2959,,,,,,,,,,,,,
2960,,,,,,,,,,,,,
2966,,,,,,,,,,,,,
2967,,,,,,,,,,,,,
2980,International,Olympics,Internacional,,ロシア,,Internacional,Международный,รัสเซีย,Uluslararası,Nga,俄罗斯,
3013,,,,,,,,,,,,,
3014,,,,,,,,,,,,,
3047,Freaks4u Gaming,Freaks4u Gaming,Freaks4u Gaming,Freaks4u Gaming,Freaks4u Gaming,Freaks4u Gaming,Freaks4u Gaming,Freaks4u Gaming,Freaks4u Gaming,Freaks4u Gaming,Freaks4u Gaming,Freaks4u Gaming,Freaks4u Gaming
3048,,,,,,,,,,,,,
3050,,,,,,,,,,,,,
3051,,,,,,,,,,,,,
3079,,,,,,,,,,,,,
3080,,,,,,,,,,,,,
3081,,,,,,,,,,,,,
3082,,,,,,,,,,,,,
3083,,,,,,,,,,,,,
3084,,,,,,,,,,,,,
3085,,,,,,,,,,,,,
3086,,,,,,,,,,,,,
3087,,,,,,,,,,,,,
3088,,,,,,,,,,,,,
3089,,,,,,,,,,,,,
3090,,,,,,,,,,,,,
3091,,,,,,,,,,,,,
3092,,,,,,,,,,,,,
3093,,,,,,,,,,,,,
3094,,,,,,,,,,,,,
3095,,,,,,,,,,,,,
3096,,,,,,,,,,,,,
3097,,,,,,,,,,,,,
3100,,,,,,,,,,,,,
3101,,,,,,,,,,,,,
3102,,,,,,,,,,,,,
3103,,,,,,,,,,,,,
3178,,,,,,,,,,,,,
3277,,,,,,,,,,,,,
3310,Sef,SEF,Sef,Sef,Sef,Sef,Sef,Sef,Sef,Sef,Sef,Sef,Sef
3376,,,,,,,,,,,,,
3475,,,,,,,,,,,,,
3476,,,,,,,,,,,,,
3477,,,,,,,,,,,,,
3548,,,,,,,,,,,,,
3551,,,,,,,,,,,,,
3805,,USA,,,,,,,,,,,
3839,,,,,,,,,,,,,
3908,,,,,,,,,,,,,
4003,,,,,,,,,,,,,
4135,,,,,,,,,,,,,
4201,,,,,,,,,,,,,
4300,,,,,,,,,,,,,
4366,,,,,,,,,,,,,
4399,,,,,,,,,,,,,
4432,Turismo Carretera,Turismo Carretera,Turismo Carretera,Turismo Carretera,Turismo Carretera,Turismo Carretera,Turismo Carretera,Turismo Carretera,Turismo Carretera,Turismo Carretera,Turismo Carretera,Turismo Carretera,Turismo Carretera
4465,,,,,,,,,,,,,
4498,,,,,,,,,,,,,
4564,,,,,,,,,,,,,
4597,,,,,,,,,,,,,
4795,,,,,,,,,,,,,
4663,,,,,,,,,,,,,
4731,,,,,,,,,,,,,
4828,,,,,,,,,,,,,
4829,,,,,,,,,,,,,
4830,,,,,,,,,,,,,
4831,,,,,,,,,,,,,
4832,,,,,,,,,,,,,
4833,,,,,,,,,,,,,
4834,,,,,,,,,,,,,
4835,,,,,,,,,,,,,
4836,,,,,,,,,,,,,
4837,,,,,,,,,,,,,
4861,,,,,,,,,,,,,
4862,,,,,,,,,,,,,
4927,,Fencing,,,,,Esgrima,,,Eskrim,,,
4928,,,,,,,,,,,,,
4929,,,,,,,,,,,,,
4960,,,,,,,Taekwondo,,,,,,
4961,,,,,,,,,,,,,
4962,,,,,,,,,,,,,
4993,,Judo,,,,,Judo,,,,,,
4996,,,,,,,,,,,,,
